Source File	Size	loadResources	load	generateSnapshots	load-configure	scan	loadDepInfo	loadInfo	checkR4R4B	generateNarratives	validate	loadLists	checkConformanceResources	checkConformanceResources2	checkConformanceResources3	generateLogicalMaps	validateExpressions	scanForUsageStats	checkURLsUnique	processProvenanceDetails	generate1	generate2	generateLogicals	makeDependencies	generateExampleZip	generateValidationPack	scanProfilesForR5	scanExamplesForR5
/fsh-generated/resources/ImplementationGuide-inera.ehds.tk.json	70030	-	0	0	0	0	0	0	25	58	0	0	0	0	0	0	0	2	0	0	278	358	0	0	0	14	0	2
fsh-generated/resources/CapabilityStatement-SEEHDSResourceAccessProvider.json	4944	4	0	0	1	0	1	0	1	1149	0	0	0	0	0	0	0	0	0	0	51	56	0	0	0	2	0	0
fsh-generated/resources/CodeSystem-assessmentcategory-cs.json	750	1	0	0	0	0	0	0	0	7	0	0	0	0	0	0	0	0	0	0	6	62	0	0	0	0	0	0
fsh-generated/resources/CodeSystem-clinicaldocumentnotecode-cs.json	1252	1	0	0	0	0	0	0	0	3	0	0	0	0	0	0	0	0	0	0	7	47	0	0	0	1	0	0
fsh-generated/resources/CodeSystem-deliverycode-cs.json	906	2	0	0	1	0	0	0	1	3	0	0	0	0	0	0	0	0	0	0	6	53	0	0	0	1	0	0
fsh-generated/resources/CodeSystem-diagnosistype-cs.json	783	1	0	0	0	0	0	0	0	2	0	0	0	0	0	0	0	0	0	0	6	34	0	0	0	0	0	0
fsh-generated/resources/CodeSystem-errorcode-cs.json	548	1	0	0	0	0	0	0	0	1	0	0	0	0	0	0	0	0	0	0	5	33	0	0	0	1	0	0
fsh-generated/resources/CodeSystem-examinationstatuscode-cs.json	1705	1	0	0	0	0	0	0	0	4	0	0	0	0	0	0	0	0	0	0	10	39	0	0	0	0	0	0
fsh-generated/resources/CodeSystem-fetalpositioncode-cs.json	859	1	0	0	0	0	0	0	1	2	0	0	0	0	0	0	0	0	0	0	6	32	0	0	0	0	0	0
fsh-generated/resources/CodeSystem-maternity-section.json	1073	0	0	0	0	0	0	0	0	2	0	0	0	0	0	0	0	0	0	0	7	33	0	0	0	1	0	0
fsh-generated/resources/CodeSystem-nonreplaceable-cs.json	723	1	0	0	0	0	0	0	0	2	0	0	0	0	0	0	0	0	0	0	6	27	0	0	0	0	0	0
fsh-generated/resources/CodeSystem-prescriptionstatus-cs.json	751	1	0	0	0	0	0	0	0	2	0	0	0	0	0	0	0	0	0	0	7	28	0	0	0	0	0	0
fsh-generated/resources/CodeSystem-referraloutcometypecode-cs.json	682	1	0	0	0	0	0	0	1	2	0	0	0	0	0	0	0	0	0	0	5	28	0	0	0	0	0	0
fsh-generated/resources/CodeSystem-resultcode-cs.json	759	0	0	0	0	0	0	0	0	3	0	0	0	0	0	0	0	0	0	0	5	30	0	0	0	0	0	0
fsh-generated/resources/CodeSystem-sexcode-cs.json	808	1	0	0	0	0	0	0	0	2	0	0	0	0	0	0	0	0	0	0	5	27	0	0	0	1	0	0
fsh-generated/resources/CodeSystem-typeofcareplan-cs.json	1253	1	0	0	0	0	0	0	0	2	0	0	0	0	0	0	0	1	0	0	7	29	0	0	0	0	0	0
fsh-generated/resources/CodeSystem-typeofleavecode-cs.json	750	1	0	0	1	0	0	0	0	2	0	0	0	0	0	0	0	0	0	0	6	30	0	0	0	1	0	0
fsh-generated/resources/CodeSystem-typeofprescription-cs.json	739	0	0	0	0	0	0	0	0	1	0	0	0	0	0	0	0	0	0	0	5	25	0	0	0	0	0	0
fsh-generated/resources/CodeSystem-typeofresultcode-cs.json	744	1	0	0	0	0	0	0	0	2	0	0	0	0	0	0	0	0	0	0	6	25	0	0	0	0	0	0
fsh-generated/resources/ConceptMap-observation-status-map.json	2316	1	0	0	0	0	0	0	0	152	0	0	0	0	0	0	0	0	0	0	9	34	0	0	0	2	0	0
fsh-generated/resources/StructureDefinition-SEEHDSAllergyIntolerance.json	5860	2	0	54	0	0	0	0	1	564	0	0	1	0	0	0	0	1	0	0	176	1021	0	0	0	8	0	0
fsh-generated/resources/StructureDefinition-SEEHDSAuditEventPatientQuery.json	5171	1	0	123	0	0	0	0	0	67	0	0	0	0	0	0	0	4	0	0	498	839	0	0	0	22	0	2
fsh-generated/resources/StructureDefinition-SEEHDSAuditEventPatientRead.json	5010	2	0	125	0	0	0	0	0	50	0	0	0	0	0	0	0	4	0	0	470	832	0	0	0	22	1	2
fsh-generated/resources/StructureDefinition-SEEHDSAuditEventReadAccessLog.json	4082	1	0	30	0	0	0	0	0	18	0	0	0	0	0	0	0	1	0	0	156	294	0	0	0	8	0	1
fsh-generated/resources/StructureDefinition-SEEHDSCarePlan.json	4084	1	0	41	0	0	0	0	0	20	0	0	0	0	0	0	0	1	0	0	160	299	0	0	0	8	0	0
fsh-generated/resources/StructureDefinition-SEEHDSCompositionCareDocumentation.json	4313	2	0	36	0	0	0	0	0	24	0	0	1	0	0	0	0	2	0	0	186	457	0	0	0	8	0	1
fsh-generated/resources/StructureDefinition-SEEHDSConditionDiagnosis.json	7794	2	0	45	1	0	0	0	0	32	0	0	0	0	0	0	0	2	0	0	255	814	0	0	0	13	0	1
fsh-generated/resources/StructureDefinition-SEEHDSConditionFunctional.json	4346	1	0	30	0	0	0	0	1	13	0	0	0	0	0	0	0	1	0	0	191	287	0	0	0	9	0	0
fsh-generated/resources/StructureDefinition-SEEHDSDevice.json	3732	1	0	31	0	0	0	0	0	15	0	0	0	0	0	0	0	1	0	0	154	271	0	1	0	7	0	1
fsh-generated/resources/StructureDefinition-SEEHDSDiagnosticReportImaging.json	4788	2	0	38	0	0	0	0	0	13	0	0	0	0	0	0	0	1	0	0	146	295	0	0	0	7	1	0
fsh-generated/resources/StructureDefinition-SEEHDSDiagnosticReportLab.json	4876	1	0	27	0	0	0	0	0	12	0	0	0	0	0	0	0	1	0	0	147	262	0	0	0	7	0	1
fsh-generated/resources/StructureDefinition-SEEHDSDiagnosticReportReferral.json	3734	1	0	25	0	0	0	0	0	12	0	0	0	0	0	0	0	1	0	0	134	240	0	0	0	7	0	0
fsh-generated/resources/StructureDefinition-SEEHDSDocumentReference.json	6593	2	0	30	0	0	0	0	0	16	0	0	0	0	0	0	0	2	0	0	171	264	0	0	0	9	0	1
fsh-generated/resources/StructureDefinition-SEEHDSEncounter.json	4755	2	0	36	0	0	0	0	0	15	0	0	1	0	0	0	0	1	0	0	190	327	0	0	0	11	0	1
fsh-generated/resources/StructureDefinition-SEEHDSFlag.json	11429	2	0	35	0	0	0	0	1	18	0	0	0	0	0	0	0	1	0	0	163	250	0	0	0	9	0	0
fsh-generated/resources/StructureDefinition-SEEHDSImagingStudy.json	3962	1	0	26	1	0	0	0	0	14	0	0	0	0	0	0	0	1	0	0	144	233	0	0	0	10	0	1
fsh-generated/resources/StructureDefinition-SEEHDSImmunization.json	11459	3	0	47	0	0	0	0	0	26	0	0	0	0	0	0	0	2	0	0	289	480	0	0	0	13	0	0
fsh-generated/resources/StructureDefinition-SEEHDSLMAccessLog.json	17286	2	0	28	0	0	0	0	0	18	0	0	0	0	0	0	0	0	0	0	132	185	0	0	0	6	0	1
fsh-generated/resources/StructureDefinition-SEEHDSLMAlertInformation.json	61152	7	0	76	0	0	0	0	0	89	0	0	0	0	0	0	0	2	0	0	446	431	0	0	0	16	1	1
fsh-generated/resources/StructureDefinition-SEEHDSLMCareContacts.json	40262	6	0	47	0	0	0	0	0	35	0	0	1	0	0	0	0	1	0	0	280	255	0	0	0	10	0	1
fsh-generated/resources/StructureDefinition-SEEHDSLMCareDocumentation.json	40010	5	0	47	0	0	0	0	0	31	0	0	0	0	0	0	0	1	0	0	302	319	0	0	0	11	0	0
fsh-generated/resources/StructureDefinition-SEEHDSLMCarePlans.json	35294	6	0	42	0	0	0	0	0	31	0	0	0	0	0	0	0	1	0	0	252	279	0	0	0	10	0	1
fsh-generated/resources/StructureDefinition-SEEHDSLMDiagnosis.json	32327	4	0	37	0	0	0	0	0	29	0	0	0	0	0	0	0	1	0	0	242	244	0	1	0	9	0	1
fsh-generated/resources/StructureDefinition-SEEHDSLMFunctionalStatus.json	38234	5	0	111	0	0	0	0	0	22	0	0	0	0	0	0	0	1	0	0	274	281	0	0	0	13	0	0
fsh-generated/resources/StructureDefinition-SEEHDSLMImagingOutcome.json	95121	11	0	66	0	0	0	0	0	55	0	0	1	0	0	0	0	3	0	0	661	428	0	0	0	24	0	2
fsh-generated/resources/StructureDefinition-SEEHDSLMLaboratoryOrderOutcome.json	101377	10	0	78	0	0	0	0	0	61	0	0	0	0	0	0	0	3	0	0	728	603	0	0	0	25	0	2
fsh-generated/resources/StructureDefinition-SEEHDSLMMaternityMedicalHistory.json	79216	9	0	63	0	0	0	0	0	37	0	0	0	0	0	0	0	1	0	0	536	439	0	0	0	19	0	0
fsh-generated/resources/StructureDefinition-SEEHDSLMMedicationHistory.json	677636	58	0	520	0	0	0	0	0	591	0	0	3	0	0	0	0	21	0	0	5771	3282	0	1	0	174	1	6
fsh-generated/resources/StructureDefinition-SEEHDSLMObservations.json	250211	25	0	207	0	0	0	0	0	196	0	0	1	0	0	0	0	8	0	1	1944	1243	0	0	0	71	1	3
fsh-generated/resources/StructureDefinition-SEEHDSLMReferralOutcome.json	64622	8	0	53	0	0	0	0	0	63	0	0	0	0	0	0	0	2	0	0	471	279	0	0	0	17	0	1
fsh-generated/resources/StructureDefinition-SEEHDSLMRequestActivities.json	31425	4	0	49	0	0	0	0	0	27	0	0	0	0	0	0	0	1	0	0	234	180	0	0	0	9	0	0
fsh-generated/resources/StructureDefinition-SEEHDSLMVaccinationHistory.json	100047	10	0	114	1	0	0	0	0	94	0	0	1	0	0	0	0	2	0	0	671	315	0	0	0	24	0	1
fsh-generated/resources/StructureDefinition-SEEHDSMedicationStatement.json	5400	2	0	26	0	0	0	0	0	19	0	0	0	0	0	0	0	1	0	0	174	208	0	0	0	8	0	1
fsh-generated/resources/StructureDefinition-SEEHDSObservationBase.json	7722	1	0	247	0	0	0	0	0	75	0	0	0	0	0	0	0	1	0	0	202	693	0	0	0	11	0	0
fsh-generated/resources/StructureDefinition-SEEHDSObservationGrowth.json	4287	2	0	31	0	0	0	0	0	20	0	0	0	0	0	0	0	2	0	0	186	266	0	0	0	9	0	1
fsh-generated/resources/StructureDefinition-SEEHDSObservationLab.json	2839	1	0	42	0	0	0	0	0	24	0	0	3	0	0	0	0	1	0	0	191	6555	0	0	0	10	1	0
fsh-generated/resources/StructureDefinition-SEEHDSObservationMaternity.json	3679	1	0	21	0	0	0	0	0	30	0	0	0	0	0	0	0	1	0	0	152	179	0	0	0	8	0	0
fsh-generated/resources/StructureDefinition-SEEHDSOrganization.json	4159	2	0	24	0	0	0	0	0	39	0	0	0	0	0	0	0	1	0	0	157	191	0	0	0	9	0	1
fsh-generated/resources/StructureDefinition-SEEHDSPatient.json	3808	1	0	86	0	0	0	0	0	23	0	0	0	0	0	0	0	2	0	0	188	198	0	0	0	9	0	0
fsh-generated/resources/StructureDefinition-SEEHDSPractitionerRole.json	3251	1	0	15	0	0	0	0	0	13	0	0	0	0	0	0	0	1	0	0	107	121	0	0	0	5	0	0
fsh-generated/resources/StructureDefinition-SEEHDSProvenance.json	4324	1	0	17	0	0	0	0	0	21	0	0	1	0	0	0	0	0	0	0	136	174	0	0	0	6	0	1
fsh-generated/resources/StructureDefinition-SEEHDSRivAnyURI.json	1245	1	0	5	0	0	0	0	0	5	0	0	0	0	0	0	0	0	0	0	15	63	0	0	0	1	0	0
fsh-generated/resources/StructureDefinition-SEEHDSRivBase64Binary.json	1352	0	0	3	0	0	0	0	0	4	0	0	0	0	0	0	0	0	0	0	16	70	0	0	0	0	0	0
fsh-generated/resources/StructureDefinition-SEEHDSRivBoolean.json	1307	1	0	3	0	0	0	0	0	6	0	0	0	0	0	0	0	0	0	0	16	66	0	0	0	1	0	0
fsh-generated/resources/StructureDefinition-SEEHDSRivCVTypeActivityprescriptionActoutcome2.json	4012	1	0	4	0	0	0	0	0	5	0	0	0	0	0	0	0	0	0	0	31	66	0	0	0	1	0	0
fsh-generated/resources/StructureDefinition-SEEHDSRivCVTypeCrmRequeststatus2.json	3610	1	0	3	0	0	0	0	0	6	0	0	0	0	0	0	0	0	0	0	31	70	0	0	0	4	0	0
fsh-generated/resources/StructureDefinition-SEEHDSRivCVTypeHealthcondActoutcome2.json	3782	1	0	4	1	0	0	0	0	6	0	0	0	0	0	0	0	0	0	0	31	69	0	0	0	1	0	0
fsh-generated/resources/StructureDefinition-SEEHDSRivCVTypeHealthcondActoutcome3.json	3782	0	0	3	0	0	0	0	0	6	0	0	0	0	0	0	0	0	0	0	31	66	0	0	0	1	0	0
fsh-generated/resources/StructureDefinition-SEEHDSRivCVTypeHealthcondActoutcome4.json	3782	1	0	4	0	0	0	0	0	9	0	0	0	0	0	0	0	1	0	0	32	68	0	0	0	4	0	0
fsh-generated/resources/StructureDefinition-SEEHDSRivCVTypeHealthcondBasic2.json	2789	1	0	4	0	0	0	0	0	5	0	0	0	0	0	0	0	0	0	0	26	64	0	0	0	1	0	0
fsh-generated/resources/StructureDefinition-SEEHDSRivCVTypeHealthcondDescription2.json	3805	1	0	3	0	0	0	0	0	6	0	0	0	0	0	0	0	0	0	0	31	66	0	0	0	1	0	0
fsh-generated/resources/StructureDefinition-SEEHDSRivCVTypeHealthcondDescription3.json	3805	1	0	3	0	0	0	0	0	7	0	0	0	0	0	0	0	0	0	0	33	65	0	0	0	1	0	0
fsh-generated/resources/StructureDefinition-SEEHDSRivCVTypeLogisticsLogistics3.json	3736	1	0	4	0	0	0	0	0	5	0	0	0	0	0	0	0	0	0	0	31	81	0	0	0	1	0	0
fsh-generated/resources/StructureDefinition-SEEHDSRivDate.json	1282	0	0	2	0	0	0	0	0	4	0	0	0	0	0	0	0	0	0	0	17	76	0	0	0	1	0	0
fsh-generated/resources/StructureDefinition-SEEHDSRivDateTime.json	1456	1	0	3	0	0	0	0	0	4	0	0	0	0	0	0	0	0	0	0	16	62	0	0	0	1	0	0
fsh-generated/resources/StructureDefinition-SEEHDSRivDecimal.json	1319	0	0	2	0	0	0	0	0	14	0	0	0	0	0	0	0	0	0	0	15	78	0	0	0	0	0	0
fsh-generated/resources/StructureDefinition-SEEHDSRivIITypeActivityprescriptionActoutcome2.json	2494	1	0	3	0	0	0	0	0	4	0	0	0	0	0	0	0	0	0	0	20	63	0	0	0	1	0	0
fsh-generated/resources/StructureDefinition-SEEHDSRivIITypeCrmRequeststatus2.json	2204	1	0	3	0	0	0	0	0	4	0	0	0	0	0	0	0	0	0	0	19	64	0	0	0	1	0	0
fsh-generated/resources/StructureDefinition-SEEHDSRivIITypeHealthcondActoutcome3.json	2344	1	0	3	0	0	0	0	0	4	0	0	0	0	0	0	0	0	0	0	20	64	0	0	0	0	0	0
fsh-generated/resources/StructureDefinition-SEEHDSRivIITypeHealthcondActoutcome4.json	2344	0	0	3	0	0	0	0	0	4	0	0	0	0	0	0	0	0	0	0	19	71	0	0	0	3	0	0
fsh-generated/resources/StructureDefinition-SEEHDSRivIITypeHealthcondBasic2.json	2269	1	0	3	0	0	0	0	0	3	0	0	0	0	0	0	0	0	0	0	20	60	0	0	0	1	0	0
fsh-generated/resources/StructureDefinition-SEEHDSRivIITypeHealthcondDescription3.json	2359	1	0	2	0	0	0	0	0	4	0	0	0	0	0	0	0	0	0	0	20	61	0	0	0	4	0	0
fsh-generated/resources/StructureDefinition-SEEHDSRivIITypeLogisticsLogistics3.json	2314	1	0	3	0	0	0	0	0	4	0	0	0	0	0	0	0	0	0	0	20	62	0	0	0	0	0	0
fsh-generated/resources/StructureDefinition-SEEHDSRivInteger.json	1297	0	0	3	0	0	0	0	0	3	0	0	0	0	0	0	0	0	0	0	16	61	0	1	0	1	0	0
fsh-generated/resources/StructureDefinition-SEEHDSRivPQIntervalTypeActivityprescriptionActoutcome2.json	2711	1	0	3	0	0	0	1	0	4	0	0	0	0	0	0	0	0	0	0	22	60	0	0	0	1	0	0
fsh-generated/resources/StructureDefinition-SEEHDSRivPQIntervalTypeHealthcondActoutcome4.json	3417	1	0	3	1	0	0	0	0	4	0	0	0	0	0	0	0	0	0	0	28	64	0	0	0	4	0	0
fsh-generated/resources/StructureDefinition-SEEHDSRivPQIntervalTypeHealthcondBasic2.json	2456	1	0	3	0	0	0	0	0	4	0	0	0	0	0	0	0	0	0	0	21	59	0	0	0	1	0	0
fsh-generated/resources/StructureDefinition-SEEHDSRivPQTypeActivityprescriptionActoutcome2.json	2165	0	0	3	0	0	0	0	0	3	0	0	0	0	0	0	0	0	0	0	19	62	0	0	0	0	0	0
fsh-generated/resources/StructureDefinition-SEEHDSRivPQTypeHealthcondActoutcome2.json	2015	1	0	3	0	0	0	0	0	4	0	0	0	0	0	0	0	0	0	0	19	75	0	0	0	4	0	0
fsh-generated/resources/StructureDefinition-SEEHDSRivPQTypeHealthcondActoutcome3.json	2015	1	0	3	0	0	0	0	0	3	0	0	0	0	0	0	0	0	0	0	20	78	0	0	0	1	0	0
fsh-generated/resources/StructureDefinition-SEEHDSRivPQTypeHealthcondActoutcome4.json	2014	0	0	2	0	0	0	0	0	4	0	0	0	0	0	0	0	0	0	0	19	75	0	0	0	1	0	0
fsh-generated/resources/StructureDefinition-SEEHDSRivPQTypeHealthcondBasic2.json	1940	1	0	3	0	0	0	0	0	3	0	0	0	0	0	0	0	0	0	0	18	59	0	0	0	1	0	0
fsh-generated/resources/StructureDefinition-SEEHDSRivPartialDateTypeLogisticsLogistics3.json	2142	1	0	2	0	0	0	0	0	4	0	0	0	0	0	0	0	1	0	0	18	71	0	0	0	1	0	0
fsh-generated/resources/StructureDefinition-SEEHDSRivPartialTimeStampTypeHealthcondBasic2.json	2167	0	0	3	0	0	0	0	0	3	0	0	0	0	0	0	0	0	0	0	20	64	0	0	0	0	0	0
fsh-generated/resources/StructureDefinition-SEEHDSRivPersonIdTypeActivityprescriptionActoutcome2.json	2541	1	0	3	0	0	0	0	0	4	0	0	0	0	0	0	0	0	0	0	21	59	0	0	0	1	0	0
fsh-generated/resources/StructureDefinition-SEEHDSRivPersonIdTypeHealthcondActoutcome2.json	2391	1	0	2	0	0	0	0	0	3	0	0	0	0	0	0	0	0	0	0	20	60	0	0	0	1	0	0
fsh-generated/resources/StructureDefinition-SEEHDSRivPersonIdTypeHealthcondActoutcome3.json	2391	1	0	3	0	0	0	0	0	4	0	0	0	0	0	0	0	0	0	0	19	79	0	0	0	0	0	0
fsh-generated/resources/StructureDefinition-SEEHDSRivPersonIdTypeHealthcondDescription2.json	2406	0	0	3	0	0	0	0	0	3	0	0	0	0	0	0	0	0	0	0	20	58	0	0	0	1	0	0
fsh-generated/resources/StructureDefinition-SEEHDSRivPersonIdTypeLogisticsLogistics3.json	2361	1	0	3	0	0	0	0	0	4	0	0	0	0	0	0	0	0	0	0	20	60	0	0	0	1	0	1
fsh-generated/resources/StructureDefinition-SEEHDSRivString.json	1452	1	0	1	0	0	0	0	0	3	0	0	0	0	0	0	0	0	0	0	15	67	0	0	0	1	0	0
fsh-generated/resources/StructureDefinition-SEEHDSRivTimePeriodTypeActivityprescriptionActoutcome2.json	2308	1	0	3	0	0	0	0	0	3	0	0	0	0	0	0	0	0	0	0	20	82	0	0	0	0	0	0
fsh-generated/resources/StructureDefinition-SEEHDSRivTimePeriodTypeHealthcondActoutcome3.json	2158	1	0	3	0	0	0	0	0	4	0	0	0	0	0	0	0	0	0	0	19	79	0	0	0	1	0	0
fsh-generated/resources/StructureDefinition-SEEHDSRivTimePeriodTypeHealthcondActoutcome4.json	2158	1	0	3	0	0	0	0	0	3	0	0	0	0	0	0	0	0	0	0	19	75	0	0	0	1	0	0
fsh-generated/resources/StructureDefinition-SEEHDSRivTimePeriodTypeHealthcondDescription2.json	2173	0	0	3	0	0	0	0	0	4	0	0	0	0	0	0	0	0	0	0	19	57	0	0	0	1	0	0
fsh-generated/resources/StructureDefinition-SEEHDSRivTimePeriodTypeLogisticsLogistics3.json	2128	1	0	3	0	0	0	0	0	3	0	0	0	0	0	0	0	0	0	0	19	58	0	0	0	1	0	0
fsh-generated/resources/StructureDefinition-SEEHDSRivTimeStamp.json	1568	1	0	2	0	0	0	0	0	3	0	0	0	0	0	0	0	0	0	0	16	60	0	0	0	2	0	0
fsh-generated/resources/StructureDefinition-SEEHDSServiceRequestReferral.json	3389	1	0	17	0	0	0	0	0	12	0	0	1	0	0	0	0	0	0	0	119	150	0	0	0	8	0	0
fsh-generated/resources/StructureDefinition-SEEHDSTask.json	3434	0	0	21	1	0	0	0	1	16	0	0	0	0	0	0	0	1	0	0	138	157	0	0	0	6	0	0
fsh-generated/resources/StructureDefinition-alert-ascertained-date.json	1454	1	0	4	0	0	0	0	0	5	0	0	0	0	0	0	0	0	0	0	25	69	0	0	0	2	0	0
fsh-generated/resources/StructureDefinition-alert-asserted-date.json	1476	1	0	4	0	0	0	0	0	5	0	0	0	0	0	0	0	0	0	0	24	69	0	0	0	1	0	0
fsh-generated/resources/StructureDefinition-alert-asserter.json	1614	1	0	4	0	0	0	0	0	4	0	0	0	0	0	0	0	0	0	0	26	85	0	0	0	1	0	0
fsh-generated/resources/StructureDefinition-alert-degree-of-certainty.json	1516	0	0	3	0	0	0	0	0	4	0	0	0	0	0	0	0	0	0	0	27	69	0	0	0	1	0	0
fsh-generated/resources/StructureDefinition-alert-degree-of-severity.json	1568	1	0	4	0	0	0	0	0	5	0	0	0	0	0	0	0	0	0	0	25	69	0	0	0	1	0	0
fsh-generated/resources/StructureDefinition-alert-information-comment.json	1832	1	0	5	0	0	0	0	0	4	0	0	0	0	0	0	0	0	0	0	25	68	0	0	0	1	0	0
fsh-generated/resources/StructureDefinition-alert-pharmaceutical-hypersensitivity.json	3509	1	0	6	0	0	0	0	0	8	0	0	0	0	0	0	0	1	0	0	61	78	0	0	0	3	0	0
fsh-generated/resources/StructureDefinition-alert-pharmaceutical-treatment.json	1625	0	0	4	0	0	0	0	0	4	0	0	0	0	0	0	0	0	0	0	26	67	0	0	0	1	0	1
fsh-generated/resources/StructureDefinition-alert-restriction-of-care-comment.json	1610	1	0	4	0	0	0	0	0	4	0	0	0	0	0	0	0	0	0	0	25	65	0	0	0	1	0	0
fsh-generated/resources/StructureDefinition-alert-route-of-transmission.json	1434	1	0	3	0	0	0	0	0	4	0	0	0	0	0	0	0	0	0	0	26	66	0	0	0	1	0	0
fsh-generated/resources/StructureDefinition-alert-treatment-description.json	1534	1	0	4	0	0	0	0	0	5	0	0	0	0	0	0	0	0	0	0	25	66	0	0	0	1	0	0
fsh-generated/resources/StructureDefinition-alert-verified-time.json	1428	0	0	3	0	0	0	0	0	4	0	0	0	0	0	0	0	0	0	0	28	65	0	0	0	1	0	0
fsh-generated/resources/StructureDefinition-approved-for-patient.json	1385	1	0	4	0	0	0	0	0	4	0	0	0	0	0	0	0	0	0	0	24	68	0	0	0	1	0	0
fsh-generated/resources/StructureDefinition-condition-chronic-diagnosis.json	1447	1	0	3	0	0	0	0	0	4	0	0	0	0	0	0	0	0	0	0	25	67	0	0	0	1	0	0
fsh-generated/resources/StructureDefinition-device-source-system-contact.json	2723	1	0	5	0	0	0	0	0	8	0	0	0	0	0	0	0	0	0	0	59	79	0	0	0	2	0	0
fsh-generated/resources/StructureDefinition-ext-signature-time.json	1698	0	0	4	0	0	0	0	0	4	0	0	0	0	0	0	0	0	0	0	25	65	0	0	0	1	0	0
fsh-generated/resources/StructureDefinition-immunization-is-dose-complete.json	1438	1	0	4	0	0	0	0	0	8	0	0	0	0	0	0	0	0	0	0	26	66	0	0	0	1	0	0
fsh-generated/resources/StructureDefinition-immunization-legal-authenticator.json	2956	1	0	10	0	0	0	0	0	9	0	0	0	0	0	0	0	1	0	0	58	83	0	0	0	2	0	0
fsh-generated/resources/StructureDefinition-immunization-patient-postal-code.json	1463	1	0	4	0	0	0	0	0	5	0	0	0	0	1	0	0	0	0	0	25	65	0	0	0	2	0	0
fsh-generated/resources/StructureDefinition-immunization-registration-device.json	1817	0	0	4	0	0	0	0	0	4	0	0	0	0	0	0	0	0	0	0	29	66	0	0	0	3	0	0
fsh-generated/resources/StructureDefinition-related-alert-information.json	3737	1	0	9	0	0	0	0	0	12	0	0	0	0	0	0	0	0	0	0	74	84	0	0	0	4	0	0
fsh-generated/resources/ValueSet-assessmentcategory-vs.json	510	1	0	0	0	0	0	0	0	55	0	0	0	0	0	0	0	0	0	0	9	45	0	0	0	0	0	0
fsh-generated/resources/ValueSet-clinicaldocumentnotecode-vs.json	522	1	0	0	0	0	0	0	0	4	0	0	0	0	0	0	0	0	0	0	6	27	0	0	0	0	0	0
fsh-generated/resources/ValueSet-deliverycode-vs.json	437	0	0	0	1	0	0	0	1	6	0	0	0	0	0	0	0	0	0	0	5	25	0	0	0	1	0	0
fsh-generated/resources/ValueSet-diagnosistype-vs.json	529	1	0	0	0	0	0	0	0	5	0	0	0	0	0	0	0	0	0	0	5	24	0	0	0	0	0	0
fsh-generated/resources/ValueSet-errorcode-vs.json	402	0	0	0	0	0	0	0	0	2	0	0	0	0	0	0	0	0	0	0	5	25	0	0	0	0	0	0
fsh-generated/resources/ValueSet-examinationstatuscode-vs.json	472	0	0	0	0	0	0	0	0	4	0	0	0	0	0	0	0	0	0	0	3	30	0	0	0	0	0	0
fsh-generated/resources/ValueSet-fetalpositioncode-vs.json	455	1	0	0	0	0	0	0	0	2	0	0	0	0	0	0	0	0	0	0	4	26	0	0	0	0	0	0
fsh-generated/resources/ValueSet-growth-observation-type-vs.json	1621	0	0	0	0	0	0	0	0	117	0	0	0	0	0	0	0	0	0	0	6	78	0	0	0	1	0	0
fsh-generated/resources/ValueSet-prescriptionstatus-vs.json	461	1	0	0	0	0	0	0	0	2	0	0	0	0	0	0	0	0	0	0	5	28	0	0	0	0	0	0
fsh-generated/resources/ValueSet-referraloutcometypecode-vs.json	489	0	0	0	0	0	0	0	0	3	0	0	0	0	0	0	0	0	0	0	4	29	0	0	0	1	0	0
fsh-generated/resources/ValueSet-resultcode-vs.json	408	1	0	0	0	0	0	0	1	2	0	0	0	0	0	0	0	0	0	0	4	28	0	0	0	0	0	0
fsh-generated/resources/ValueSet-se-observation-status-vs.json	1150	0	0	0	0	0	0	0	0	77	0	0	0	0	0	0	0	0	0	0	6	64	0	0	0	0	0	0
fsh-generated/resources/ValueSet-sexcode-vs.json	398	1	0	0	0	0	0	0	0	2	0	0	0	0	0	0	0	0	0	0	4	29	0	0	0	0	0	0
fsh-generated/resources/ValueSet-typeofcareplan-vs.json	479	0	0	0	0	0	0	0	0	2	0	0	0	0	0	0	0	0	0	0	5	27	0	0	0	1	0	0
fsh-generated/resources/ValueSet-typeofleavecode-vs.json	449	1	0	0	0	0	0	0	0	2	0	0	0	0	0	0	0	0	0	0	4	25	0	0	0	0	0	0
fsh-generated/resources/ValueSet-typeofprescription-vs.json	461	0	0	0	0	0	0	0	0	2	0	0	0	0	0	0	0	0	0	0	4	26	0	0	0	0	0	0
fsh-generated/resources/ValueSet-typeofresultcode-vs.json	442	1	0	0	0	0	0	0	0	1	0	0	0	0	0	0	0	0	0	0	5	25	0	0	0	0	0	0
/input/includes/fragment-header.html	172	-	-	-	0	0	0	0	0	0	0	0	0	0	0	0	0	0	0	0	0	1	0	0	0	0	0	0
/input/includes/fragment-css.html	160	-	-	-	0	0	0	0	0	0	0	0	0	0	0	0	0	0	0	0	0	0	0	0	0	0	0	0
/input/includes/menu.xml	4629	-	-	-	0	0	0	0	0	0	0	0	0	0	0	0	0	0	0	0	0	0	0	0	0	0	0	0
/fsh-generated/includes/fsh-link-references.md	11484	-	-	-	0	0	0	0	0	0	0	0	0	0	0	0	0	0	0	0	0	1	0	0	0	0	0	0
/input/pagecontent/examples.md	722	-	-	-	0	0	0	0	0	0	0	0	0	0	0	0	0	0	0	0	0	0	0	0	0	0	0	0
/input/pagecontent/mapping-getlaboratoryorderoutcome.md	22623	-	-	-	0	0	0	0	0	0	0	0	0	0	0	0	0	0	0	0	0	0	0	0	0	0	0	0
/input/pagecontent/mapping-getalertinformation.md	20758	-	-	-	0	0	0	0	0	0	0	0	0	0	0	0	0	0	0	0	0	1	0	0	0	0	0	0
/input/pagecontent/guidance-docbook-narrative.md	14121	-	-	-	0	0	0	0	0	0	0	0	0	0	0	0	0	0	0	0	0	0	0	0	0	0	0	0
/input/pagecontent/mapping-getrequestactivities.md	6716	-	-	-	0	0	0	0	0	0	0	0	0	0	0	0	0	0	0	0	0	0	0	0	0	0	0	0
/input/pagecontent/version-history.md	1159	-	-	-	0	0	0	0	0	0	0	0	0	0	0	0	0	0	0	0	0	0	0	0	0	0	0	0
/input/pagecontent/index.md	7962	-	-	-	0	0	0	0	0	0	0	0	0	0	0	0	0	0	0	0	0	1	0	0	0	0	0	0
/input/pagecontent/mapping-getcareplans.md	10454	-	-	-	0	0	0	0	0	0	0	0	0	0	0	0	0	0	0	0	0	0	0	0	0	0	0	0
/input/pagecontent/mapping-getfunctionalstatus.md	12583	-	-	-	0	0	0	0	0	0	0	0	0	0	0	0	0	0	0	0	0	0	0	0	0	0	0	0
/input/pagecontent/workflow.md	1891	-	-	-	0	0	0	0	0	0	0	0	0	0	0	0	0	0	0	0	0	0	0	0	0	0	0	0
/input/pagecontent/mapping-getaccesslogforpatient.md	22171	-	-	-	0	0	0	0	0	0	0	0	0	0	0	0	0	0	0	0	0	1	0	0	0	0	0	0
/input/pagecontent/search-parameters.md	15793	-	-	-	0	0	0	0	0	0	0	0	0	0	0	0	0	0	0	0	0	0	0	0	0	0	0	0
/input/pagecontent/profiles.md	5422	-	-	-	0	0	0	0	0	0	0	0	0	0	0	0	0	0	0	0	0	0	0	0	0	0	0	0
/input/pagecontent/downloads.md	663	-	-	-	0	0	0	0	0	0	0	0	0	0	0	0	0	0	0	0	0	0	0	0	0	0	0	0
/input/pagecontent/mapping-getcaredocumentation.md	18110	-	-	-	0	0	0	0	0	0	0	0	0	0	0	0	0	0	0	0	0	1	0	0	0	0	0	0
/input/pagecontent/logical-models.md	8258	-	-	-	0	0	0	0	0	0	0	0	0	0	0	0	0	0	0	0	0	0	0	0	0	0	0	0
/input/pagecontent/mapping-getreferraloutcome.md	17882	-	-	-	0	0	0	0	0	0	0	0	0	0	0	0	0	0	0	0	0	0	0	0	0	0	0	0
/input/pagecontent/mappings.md	13679	-	-	-	0	0	0	0	0	0	0	0	0	0	0	0	0	0	0	0	0	1	0	0	0	0	0	0
/input/pagecontent/mapping-getvaccinationhistory.md	29136	-	-	-	0	0	0	0	0	0	0	0	0	0	0	0	0	0	0	0	0	0	0	0	0	0	0	0
/input/pagecontent/mapping-getmedicationhistory.md	25875	-	-	-	0	0	0	0	0	0	0	0	0	0	0	0	0	0	0	0	0	1	0	0	0	0	0	0
/input/pagecontent/mapping-getobservations.md	28261	-	-	-	0	0	0	0	0	0	0	0	0	0	0	0	0	0	0	0	0	0	0	0	0	0	0	0
/input/pagecontent/mapping-getmaternitymedicalhistory.md	28693	-	-	-	0	0	0	0	0	0	0	0	0	0	0	0	0	0	0	0	0	1	0	0	0	0	0	0
/input/pagecontent/mapping-getcarecontacts.md	11914	-	-	-	0	0	0	0	0	0	0	0	0	0	0	0	0	0	0	0	0	0	0	0	0	0	0	0
/input/pagecontent/mapping-issues.md	29459	-	-	-	0	0	0	0	0	0	0	0	0	0	0	0	0	0	0	0	0	1	0	0	0	0	0	0
/input/pagecontent/mapping-getdiagnosis.md	15148	-	-	-	0	0	0	0	0	0	0	0	0	0	0	0	0	0	0	0	0	0	0	0	0	0	0	0
/input/pagecontent/terminology.md	855	-	-	-	0	0	0	0	0	0	0	0	0	0	0	0	0	0	0	0	0	0	0	0	0	0	0	0
/input/pagecontent/mapping-getimagingoutcome.md	26998	-	-	-	0	0	0	0	0	0	0	0	0	0	0	0	0	0	0	0	0	1	0	0	0	0	0	0
/template/config	0	-	-	-	0	0	0	0	0	0	0	0	0	0	0	0	0	0	0	0	0	0	0	0	0	0	0	0
/template/config/_config.yml	140	-	-	-	0	0	0	0	0	0	0	0	0	0	0	0	0	0	0	0	0	0	0	0	0	0	0	0
/input/images	0	-	-	-	0	0	0	0	0	0	0	0	0	0	0	0	0	0	0	0	0	0	0	0	0	0	0	0
/input/images/inera-logo.png	898	-	-	-	0	0	0	0	0	0	0	0	0	0	0	0	0	0	0	0	0	0	0	0	0	0	0	0
/input/images/inera.css	21012	-	-	-	0	0	0	0	0	0	0	0	0	0	0	0	0	0	0	0	0	0	0	0	0	0	0	0
/input/images/inera-logo.svg	9268	-	-	-	0	0	0	0	0	0	0	0	0	0	0	0	0	0	0	0	0	0	0	0	0	0	0	0
/input/images/inera-logo-negative.svg	9270	-	-	-	0	0	0	0	0	0	0	0	0	0	0	0	0	0	0	0	0	0	0	0	0	0	0	0
/input/images/inera-logo-official.svg	9268	-	-	-	0	0	0	0	0	0	0	0	0	0	0	0	0	0	0	0	0	0	0	0	0	0	0	0
/input/images/inera-logo-header.svg	9269	-	-	-	0	0	0	0	0	0	0	0	0	0	0	0	0	0	0	0	0	1	0	0	0	0	0	0
/input/images/inera-thumbnail.png	449	-	-	-	0	0	0	0	0	0	0	0	0	0	0	0	0	0	0	0	0	0	0	0	0	0	0	0
/input/images/inera-favicon.svg	304	-	-	-	0	0	0	0	0	0	0	0	0	0	0	0	0	0	0	0	0	0	0	0	0	0	0	0
/temp/pages/_includes/artifacts.xml	84193	-	-	-	-	-	-	-	-	-	-	-	-	-	-	-	-	-	-	-	-	1	0	0	0	0	0	0
