"Id","Path","Slice Name","Alias(s)","Label","Min","Max","Must Support?","Is Modifier?","Is Summary?","Type(s)","Short","Definition","Comments","Requirements","Default Value","Meaning When Missing","Fixed Value","Pattern","Example","Minimum Value","Maximum Value","Maximum Length","Binding Strength","Binding Description","Binding Value Set","Code","Slicing Discriminator","Slicing Description","Slicing Ordered","Slicing Rules","Base Path","Base Min","Base Max","Condition(s)","Constraint(s)"
"SEEHDSRivCVTypeHealthcondActoutcome3","SEEHDSRivCVTypeHealthcondActoutcome3","","","",0,*,"","","","null {[]} {[]}
","RIV-TA CVType (clinicalprocess:healthcond:actoutcome:3)","RIV-TA-datatypen CVType i namnrymden urn:riv:clinicalprocess:healthcond:actoutcome:3.","","","","","","","","","",,,,,"",,,,"Base",0,*,"",""
"SEEHDSRivCVTypeHealthcondActoutcome3.code","SEEHDSRivCVTypeHealthcondActoutcome3.code","","","",0,1,"","","","https://fhir.inera.se/ig/ehds-tk/StructureDefinition/SEEHDSRivString {[]} {[]}
","Kod","Kod","","","","","","","","","",,,,,"",,,,"SEEHDSRivCVTypeHealthcondActoutcome3.code",0,1,"",""
"SEEHDSRivCVTypeHealthcondActoutcome3.codeSystem","SEEHDSRivCVTypeHealthcondActoutcome3.codeSystem","","","",0,1,"","","","https://fhir.inera.se/ig/ehds-tk/StructureDefinition/SEEHDSRivString {[]} {[]}
","OID för kodsystem","OID för kodsystem","","","","","","","","","",,,,,"",,,,"SEEHDSRivCVTypeHealthcondActoutcome3.codeSystem",0,1,"",""
"SEEHDSRivCVTypeHealthcondActoutcome3.codeSystemName","SEEHDSRivCVTypeHealthcondActoutcome3.codeSystemName","","","",0,1,"","","","https://fhir.inera.se/ig/ehds-tk/StructureDefinition/SEEHDSRivString {[]} {[]}
","Kodsystemets namn","Kodsystemets namn","","","","","","","","","",,,,,"",,,,"SEEHDSRivCVTypeHealthcondActoutcome3.codeSystemName",0,1,"",""
"SEEHDSRivCVTypeHealthcondActoutcome3.codeSystemVersion","SEEHDSRivCVTypeHealthcondActoutcome3.codeSystemVersion","","","",0,1,"","","","https://fhir.inera.se/ig/ehds-tk/StructureDefinition/SEEHDSRivString {[]} {[]}
","Kodsystemets version","Kodsystemets version","","","","","","","","","",,,,,"",,,,"SEEHDSRivCVTypeHealthcondActoutcome3.codeSystemVersion",0,1,"",""
"SEEHDSRivCVTypeHealthcondActoutcome3.displayName","SEEHDSRivCVTypeHealthcondActoutcome3.displayName","","","",0,1,"","","","https://fhir.inera.se/ig/ehds-tk/StructureDefinition/SEEHDSRivString {[]} {[]}
","Kodens klartext","Kodens klartext","","","","","","","","","",,,,,"",,,,"SEEHDSRivCVTypeHealthcondActoutcome3.displayName",0,1,"",""
"SEEHDSRivCVTypeHealthcondActoutcome3.originalText","SEEHDSRivCVTypeHealthcondActoutcome3.originalText","","","",0,1,"","","","https://fhir.inera.se/ig/ehds-tk/StructureDefinition/SEEHDSRivString {[]} {[]}
","Originaltext (om kod saknas eller som komplement)","Originaltext (om kod saknas eller som komplement)","","","","","","","","","",,,,,"",,,,"SEEHDSRivCVTypeHealthcondActoutcome3.originalText",0,1,"",""
